{
    //材料
      "materials": [
        {
          "item": {
    //特定的某种材料
            "item": "minecraft:wooden_sword"
          },
          "count": 1
        },
        {
          "item": {
    //特定的某种材料
            "item": "minecraft:iron_sword"
          },
          "count": 1
        },
        {
          "item": {
    //特定的某种材料
            "item": "minecraft:golden_sword"
          },
          "count": 1
        },
        {
          "item": {
    //特定的某种材料
            "item": "minecraft:stone_sword"
          },
          "count": 1
        },
        {
          "item": {
    //特定的某种材料
            "item": "minecraft:diamond_sword"
          },
          "count": 1
        },
        {"item":{
            "item":"minecraft:netherite_sword"},
            "count":1
      },
      {"item":{
        "item":"minecraft:experience_bottle"},
        "count":16},
        {"item":{
            "item":"minecraft:beacon"},
            "count":1}

      ],
     //输出结果
      "result": {
     //类型
        "type": "attachment",
    //输出物品
        "id": "fire_fox:katana"
      }
    }