{
  "materials": [
    {
      "item": {
        // forge 提供的宽松型 NBT 写法，只要输入物品符合其中的 NBT，即可合成
        "type": "forge:partial_nbt",
        // 默认枪械物品 id
        "item": "tacz:modern_kinetic_gun",
        // 附加的 NBT 数值
        // 这里我们填写了枪械 id
        "nbt": {
          "GunId": "gz:tactical_sasg_12k"
        }
      },
      "count": 1
    },
    {
      "item": {
        "item": "minecraft:netherite_ingot"
      },
      "count": 32
    },
    {
      "item": {
        "item": "minecraft:nether_star"
      },
      "count": 1
    }
  ],
  "result": {
    "type": "gun",
    "id": "gz:cargo_terminal"
  }
}