{
	"format_version": "1.12.0",
	"minecraft:geometry": [
		{
			"description": {
				"identifier": "geometry.unknown",
				"texture_width": 64,
				"texture_height": 64,
				"visible_bounds_width": 6,
				"visible_bounds_height": 5,
				"visible_bounds_offset": [0, 1.5, 0]
			},
			"bones": [
				{
					"name": "Root",
					"pivot": [0, 0, 0]
				},
				{
					"name": "fox_and_rigthhands",
					"parent": "Root",
					"pivot": [0, 0, 0]
				},
				{
					"name": "FOX",
					"parent": "fox_and_rigthhands",
					"pivot": [1, 1, -5]
				},
				{
					"name": "AllBody2",
					"parent": "FOX",
					"pivot": [1, -9.56, -4.12]
				},
				{
					"name": "UpBody2",
					"parent": "AllBody2",
					"pivot": [1, -9.56, -4.12]
				},
				{
					"name": "UpperBody2",
					"parent": "UpBody2",
					"pivot": [1, -9.56, -4.12]
				},
				{
					"name": "AllHead2",
					"parent": "UpperBody2",
					"pivot": [1, 1, -8.52]
				},
				{
					"name": "Head2",
					"parent": "AllHead2",
					"pivot": [1, -9.56, -8.52],
					"cubes": [
						{
							"origin": [-2.52, -0.32, -13.8],
							"size": [7.04, 5.28, 5.28],
							"uv": {
								"north": {"uv": [0, 12], "uv_size": [8, 6]},
								"east": {"uv": [9, 22], "uv_size": [6, 6]},
								"south": {"uv": [17, 0], "uv_size": [8, 6]},
								"west": {"uv": [0, 23], "uv_size": [6, 6]},
								"up": {"uv": [17, 6], "uv_size": [8, 6]},
								"down": {"uv": [17, 18], "uv_size": [8, -6]}
							}
						}
					]
				},
				{
					"name": "Ear2",
					"parent": "Head2",
					"pivot": [1, -6.48, -12.48]
				},
				{
					"name": "RightEar",
					"parent": "Ear2",
					"pivot": [-1.64, -6.48, -12.48],
					"cubes": [
						{
							"origin": [-2.52, 4.96, -12.92],
							"size": [1.76, 1.76, 0.88],
							"uv": {
								"north": {"uv": [9, 18], "uv_size": [2, 2]},
								"east": {"uv": [10, 12], "uv_size": [1, 2]},
								"south": {"uv": [9, 20], "uv_size": [2, 2]},
								"west": {"uv": [10, 14], "uv_size": [1, 2]},
								"up": {"uv": [15, 22], "uv_size": [2, 1]},
								"down": {"uv": [6, 28], "uv_size": [2, -1]}
							}
						}
					]
				},
				{
					"name": "LeftEar",
					"parent": "Ear2",
					"pivot": [3.64, -6.48, -12.48],
					"cubes": [
						{
							"origin": [2.76, 4.96, -12.92],
							"size": [1.76, 1.76, 0.88],
							"uv": {
								"north": {"uv": [6, 31], "uv_size": [2, 2]},
								"east": {"uv": [10, 16], "uv_size": [1, 2]},
								"south": {"uv": [31, 6], "uv_size": [2, 2]},
								"west": {"uv": [33, 12], "uv_size": [1, 2]},
								"up": {"uv": [33, 14], "uv_size": [2, 1]},
								"down": {"uv": [33, 16], "uv_size": [2, -1]}
							}
						}
					]
				},
				{
					"name": "zui",
					"parent": "Head2",
					"pivot": [1, -10.88, -13.8],
					"cubes": [
						{
							"origin": [-0.76, -0.32, -16.44],
							"size": [3.52, 1.76, 2.64],
							"uv": {
								"north": {"uv": [30, 18], "uv_size": [4, 2]},
								"east": {"uv": [6, 23], "uv_size": [3, 2]},
								"south": {"uv": [30, 20], "uv_size": [4, 2]},
								"west": {"uv": [6, 25], "uv_size": [3, 2]},
								"up": {"uv": [6, 28], "uv_size": [4, 3]},
								"down": {"uv": [10, 31], "uv_size": [4, -3]}
							}
						}
					]
				},
				{
					"name": "LeftHand2",
					"parent": "zui",
					"pivot": [1.88, -10.88, -15.56],
					"rotation": [-90, 0, 90]
				},
				{
					"name": "LeftHandLocator2",
					"parent": "LeftHand2",
					"pivot": [1.88, -10.88, -15.56]
				},
				{
					"name": "RightHand2",
					"parent": "zui",
					"pivot": [0.12, -10.88, -15.56],
					"rotation": [90, 0, 90]
				},
				{
					"name": "RightHandLocator2",
					"parent": "RightHand2",
					"pivot": [0.12, -10.88, -15.56]
				},
				{
					"name": "Arm2",
					"parent": "UpperBody2",
					"pivot": [1, -11.32, -6.76]
				},
				{
					"name": "RightArm2",
					"parent": "Arm2",
					"pivot": [-0.76, -0.76, -6.76],
					"cubes": [
						{
							"origin": [-1.6312, -5.16, -7.64],
							"size": [1.76, 5.28, 1.76],
							"uv": {
								"north": {"uv": [8, 12], "uv_size": [2, 6]},
								"east": {"uv": [27, 28], "uv_size": [2, 6]},
								"south": {"uv": [0, 29], "uv_size": [2, 6]},
								"west": {"uv": [29, 0], "uv_size": [2, 6]},
								"up": {"uv": [8, 31], "uv_size": [2, 2]},
								"down": {"uv": [31, 10], "uv_size": [2, -2]}
							}
						}
					]
				},
				{
					"name": "LeftArm2",
					"parent": "Arm2",
					"pivot": [2.76, -0.76, -6.76],
					"cubes": [
						{
							"origin": [1.8712, -5.16, -7.64],
							"size": [1.76, 5.28, 1.76],
							"uv": {
								"north": {"uv": [2, 29], "uv_size": [2, 6]},
								"east": {"uv": [4, 29], "uv_size": [2, 6]},
								"south": {"uv": [29, 6], "uv_size": [2, 6]},
								"west": {"uv": [29, 12], "uv_size": [2, 6]},
								"up": {"uv": [10, 31], "uv_size": [2, 2]},
								"down": {"uv": [31, 12], "uv_size": [2, -2]}
							}
						}
					]
				},
				{
					"name": "Body",
					"parent": "UpperBody2",
					"pivot": [1, -9.56, -3.68],
					"cubes": [
						{
							"origin": [-1.64, -0.76, -8.52],
							"size": [5.28, 5.28, 9.68],
							"uv": {
								"north": {"uv": [15, 23], "uv_size": [6, 6]},
								"east": {"uv": [0, 0], "uv_size": [11, 6]},
								"south": {"uv": [21, 23], "uv_size": [6, 6]},
								"west": {"uv": [0, 6], "uv_size": [11, 6]},
								"up": {"uv": [11, 0], "uv_size": [6, 11]},
								"down": {"uv": [11, 22], "uv_size": [6, -11]}
							}
						}
					]
				},
				{
					"name": "DownBody2",
					"parent": "Body",
					"pivot": [1, -9.56, 1.16]
				},
				{
					"name": "wb",
					"parent": "DownBody2",
					"pivot": [1, 1, 1.16],
					"rotation": [-85, 0, 0],
					"cubes": [
						{
							"origin": [-0.76, -2.58662, -1.47331],
							"size": [3.52, 4.4, 7.92],
							"pivot": [1, 0.15634, -0.63684],
							"rotation": [12.5, 0, 0],
							"uv": {
								"north": {"uv": [26, 18], "uv_size": [4, 5]},
								"east": {"uv": [0, 18], "uv_size": [9, 5]},
								"south": {"uv": [27, 23], "uv_size": [4, 5]},
								"west": {"uv": [17, 18], "uv_size": [9, 5]},
								"up": {"uv": [25, 0], "uv_size": [4, 9]},
								"down": {"uv": [25, 18], "uv_size": [4, -9]}
							}
						}
					]
				},
				{
					"name": "Leg",
					"parent": "DownBody2",
					"pivot": [1, -1.64, -2.36]
				},
				{
					"name": "LeftLeg2",
					"parent": "Leg",
					"pivot": [2.76, -0.76, -0.6],
					"cubes": [
						{
							"origin": [1.8712, -5.16, -1.48],
							"size": [1.76, 5.28, 1.76],
							"uv": {
								"north": {"uv": [14, 29], "uv_size": [2, 6]},
								"east": {"uv": [16, 29], "uv_size": [2, 6]},
								"south": {"uv": [18, 29], "uv_size": [2, 6]},
								"west": {"uv": [20, 29], "uv_size": [2, 6]},
								"up": {"uv": [12, 31], "uv_size": [2, 2]},
								"down": {"uv": [31, 14], "uv_size": [2, -2]}
							}
						}
					]
				},
				{
					"name": "RightLeg2",
					"parent": "Leg",
					"pivot": [-0.76, -0.76, -0.6],
					"cubes": [
						{
							"origin": [-1.6312, -5.16, -1.48],
							"size": [1.76, 5.28, 1.76],
							"uv": {
								"north": {"uv": [22, 29], "uv_size": [2, 6]},
								"east": {"uv": [24, 29], "uv_size": [2, 6]},
								"south": {"uv": [29, 28], "uv_size": [2, 6]},
								"west": {"uv": [31, 0], "uv_size": [2, 6]},
								"up": {"uv": [31, 14], "uv_size": [2, 2]},
								"down": {"uv": [31, 18], "uv_size": [2, -2]}
							}
						}
					]
				},
				{
					"name": "katana",
					"parent": "Root",
					"pivot": [6.60608, 0.17898, -13.8227],
					"rotation": [-90, -90, 0],
					"cubes": [
						{
							"origin": [5.58645, 3.49051, -14.06005],
							"size": [0.12917, 0.12917, 0.51668],
							"uv": {
								"north": {"uv": [39, 22], "uv_size": [0.25, 0.25]},
								"east": {"uv": [38, 1], "uv_size": [0.5, 0.25]},
								"south": {"uv": [23, 39], "uv_size": [0.25, 0.25]},
								"west": {"uv": [38, 2], "uv_size": [0.5, 0.25]},
								"up": {"uv": [38, 3], "uv_size": [0.25, 0.5]},
								"down": {"uv": [38, 4.5], "uv_size": [0.25, -0.5]}
							}
						},
						{
							"origin": [4.23018, 3.49051, -14.06005],
							"size": [0.12917, 0.12917, 0.51668],
							"uv": {
								"north": {"uv": [39, 23], "uv_size": [0.25, 0.25]},
								"east": {"uv": [38, 5], "uv_size": [0.5, 0.25]},
								"south": {"uv": [24, 39], "uv_size": [0.25, 0.25]},
								"west": {"uv": [38, 6], "uv_size": [0.5, 0.25]},
								"up": {"uv": [38, 7], "uv_size": [0.25, 0.5]},
								"down": {"uv": [38, 8.5], "uv_size": [0.25, -0.5]}
							}
						},
						{
							"origin": [4.35935, 3.49051, -14.18922],
							"size": [1.2271, 0.12917, 0.77501],
							"uv": {
								"north": {"uv": [36, 18], "uv_size": [1.25, 0.25]},
								"east": {"uv": [23, 36], "uv_size": [0.75, 0.25]},
								"south": {"uv": [19, 36], "uv_size": [1.25, 0.25]},
								"west": {"uv": [36, 23], "uv_size": [0.75, 0.25]},
								"up": {"uv": [34, 12], "uv_size": [1.25, 0.75]},
								"down": {"uv": [34, 13.75], "uv_size": [1.25, -0.75]}
							}
						},
						{
							"origin": [4.5531, 3.61968, -14.06005],
							"size": [0.8396, 0.12917, 0.51668],
							"uv": {
								"north": {"uv": [24, 36], "uv_size": [0.75, 0.25]},
								"east": {"uv": [38, 9], "uv_size": [0.5, 0.25]},
								"south": {"uv": [36, 24], "uv_size": [0.75, 0.25]},
								"west": {"uv": [38, 10], "uv_size": [0.5, 0.25]},
								"up": {"uv": [8, 27], "uv_size": [0.75, 0.5]},
								"down": {"uv": [14, 28.5], "uv_size": [0.75, -0.5]}
							}
						},
						{
							"origin": [4.68227, 3.74885, -13.93088],
							"size": [0.58126, 3.93965, 0.25834],
							"uv": {
								"north": {"uv": [33, 22], "uv_size": [0.5, 4]},
								"east": {"uv": [34, 34], "uv_size": [0.25, 4]},
								"south": {"uv": [33, 26], "uv_size": [0.5, 4]},
								"west": {"uv": [0, 35], "uv_size": [0.25, 4]},
								"up": {"uv": [38, 11], "uv_size": [0.5, 0.25]},
								"down": {"uv": [38, 12.25], "uv_size": [0.5, -0.25]}
							}
						},
						{
							"origin": [4.61769, 4.07177, -13.93088],
							"size": [0.06458, 3.61673, 0.25834],
							"uv": {
								"north": {"uv": [35, 0], "uv_size": [0.25, 3.75]},
								"east": {"uv": [1, 35], "uv_size": [0.25, 3.75]},
								"south": {"uv": [2, 35], "uv_size": [0.25, 3.75]},
								"west": {"uv": [3, 35], "uv_size": [0.25, 3.75]},
								"up": {"uv": [39, 24], "uv_size": [0.25, 0.25]},
								"down": {"uv": [25, 39.25], "uv_size": [0.25, -0.25]}
							}
						},
						{
							"origin": [5.26353, 4.07177, -13.93088],
							"size": [0.06458, 3.61673, 0.25834],
							"uv": {
								"north": {"uv": [4, 35], "uv_size": [0.25, 3.75]},
								"east": {"uv": [35, 4], "uv_size": [0.25, 3.75]},
								"south": {"uv": [5, 35], "uv_size": [0.25, 3.75]},
								"west": {"uv": [35, 8], "uv_size": [0.25, 3.75]},
								"up": {"uv": [39, 25], "uv_size": [0.25, 0.25]},
								"down": {"uv": [39, 26.25], "uv_size": [0.25, -0.25]}
							}
						},
						{
							"origin": [4.57198, 7.45055, -13.99546],
							"size": [0.71043, 0.06458, 0.38751],
							"pivot": [5.0979, 7.35203, -13.80171],
							"rotation": [0, 0, 17],
							"uv": {
								"north": {"uv": [25, 36], "uv_size": [0.75, 0.25]},
								"east": {"uv": [38, 13], "uv_size": [0.5, 0.25]},
								"south": {"uv": [36, 25], "uv_size": [0.75, 0.25]},
								"west": {"uv": [14, 38], "uv_size": [0.5, 0.25]},
								"up": {"uv": [30, 22], "uv_size": [0.75, 0.5]},
								"down": {"uv": [33, 16.5], "uv_size": [0.75, -0.5]}
							}
						},
						{
							"origin": [4.57198, 7.19221, -13.99546],
							"size": [0.71043, 0.06458, 0.38751],
							"pivot": [5.0979, 7.0937, -13.80171],
							"rotation": [0, 0, 17],
							"uv": {
								"north": {"uv": [36, 26], "uv_size": [0.75, 0.25]},
								"east": {"uv": [38, 14], "uv_size": [0.5, 0.25]},
								"south": {"uv": [36, 27], "uv_size": [0.75, 0.25]},
								"west": {"uv": [15, 38], "uv_size": [0.5, 0.25]},
								"up": {"uv": [33, 17], "uv_size": [0.75, 0.5]},
								"down": {"uv": [14, 35.5], "uv_size": [0.75, -0.5]}
							}
						},
						{
							"origin": [4.57198, 6.67554, -13.99546],
							"size": [0.71043, 0.06458, 0.38751],
							"pivot": [5.0979, 6.57702, -13.80171],
							"rotation": [0, 0, 17],
							"uv": {
								"north": {"uv": [36, 28], "uv_size": [0.75, 0.25]},
								"east": {"uv": [38, 15], "uv_size": [0.5, 0.25]},
								"south": {"uv": [36, 29], "uv_size": [0.75, 0.25]},
								"west": {"uv": [16, 38], "uv_size": [0.5, 0.25]},
								"up": {"uv": [35, 14], "uv_size": [0.75, 0.5]},
								"down": {"uv": [15, 35.5], "uv_size": [0.75, -0.5]}
							}
						},
						{
							"origin": [4.57198, 6.93387, -13.99546],
							"size": [0.71043, 0.06458, 0.38751],
							"pivot": [5.0979, 6.83536, -13.80171],
							"rotation": [0, 0, 17],
							"uv": {
								"north": {"uv": [36, 30], "uv_size": [0.75, 0.25]},
								"east": {"uv": [38, 16], "uv_size": [0.5, 0.25]},
								"south": {"uv": [36, 31], "uv_size": [0.75, 0.25]},
								"west": {"uv": [17, 38], "uv_size": [0.5, 0.25]},
								"up": {"uv": [35, 15], "uv_size": [0.75, 0.5]},
								"down": {"uv": [16, 35.5], "uv_size": [0.75, -0.5]}
							}
						},
						{
							"origin": [4.57198, 6.15886, -13.99546],
							"size": [0.71043, 0.06458, 0.38751],
							"pivot": [5.0979, 6.06035, -13.80171],
							"rotation": [0, 0, 17],
							"uv": {
								"north": {"uv": [36, 32], "uv_size": [0.75, 0.25]},
								"east": {"uv": [38, 17], "uv_size": [0.5, 0.25]},
								"south": {"uv": [33, 36], "uv_size": [0.75, 0.25]},
								"west": {"uv": [18, 38], "uv_size": [0.5, 0.25]},
								"up": {"uv": [35, 16], "uv_size": [0.75, 0.5]},
								"down": {"uv": [17, 35.5], "uv_size": [0.75, -0.5]}
							}
						},
						{
							"origin": [4.57198, 6.4172, -13.99546],
							"size": [0.71043, 0.06458, 0.38751],
							"pivot": [5.0979, 6.31868, -13.80171],
							"rotation": [0, 0, 17],
							"uv": {
								"north": {"uv": [36, 33], "uv_size": [0.75, 0.25]},
								"east": {"uv": [38, 18], "uv_size": [0.5, 0.25]},
								"south": {"uv": [36, 34], "uv_size": [0.75, 0.25]},
								"west": {"uv": [19, 38], "uv_size": [0.5, 0.25]},
								"up": {"uv": [35, 17], "uv_size": [0.75, 0.5]},
								"down": {"uv": [18, 35.5], "uv_size": [0.75, -0.5]}
							}
						},
						{
							"origin": [4.57198, 4.60884, -13.99546],
							"size": [0.71043, 0.06458, 0.38751],
							"pivot": [5.0979, 4.51032, -13.80171],
							"rotation": [0, 0, 17],
							"uv": {
								"north": {"uv": [35, 36], "uv_size": [0.75, 0.25]},
								"east": {"uv": [38, 19], "uv_size": [0.5, 0.25]},
								"south": {"uv": [36, 35], "uv_size": [0.75, 0.25]},
								"west": {"uv": [20, 38], "uv_size": [0.5, 0.25]},
								"up": {"uv": [35, 18], "uv_size": [0.75, 0.5]},
								"down": {"uv": [19, 35.5], "uv_size": [0.75, -0.5]}
							}
						},
						{
							"origin": [4.57198, 4.86717, -13.99546],
							"size": [0.71043, 0.06458, 0.38751],
							"pivot": [5.0979, 4.76866, -13.80171],
							"rotation": [0, 0, 17],
							"uv": {
								"north": {"uv": [36, 36], "uv_size": [0.75, 0.25]},
								"east": {"uv": [38, 20], "uv_size": [0.5, 0.25]},
								"south": {"uv": [37, 0], "uv_size": [0.75, 0.25]},
								"west": {"uv": [21, 38], "uv_size": [0.5, 0.25]},
								"up": {"uv": [35, 19], "uv_size": [0.75, 0.5]},
								"down": {"uv": [20, 35.5], "uv_size": [0.75, -0.5]}
							}
						},
						{
							"origin": [4.57198, 4.09216, -13.99546],
							"size": [0.71043, 0.06458, 0.38751],
							"pivot": [5.0979, 3.99365, -13.80171],
							"rotation": [0, 0, 17],
							"uv": {
								"north": {"uv": [37, 1], "uv_size": [0.75, 0.25]},
								"east": {"uv": [38, 21], "uv_size": [0.5, 0.25]},
								"south": {"uv": [37, 2], "uv_size": [0.75, 0.25]},
								"west": {"uv": [22, 38], "uv_size": [0.5, 0.25]},
								"up": {"uv": [35, 20], "uv_size": [0.75, 0.5]},
								"down": {"uv": [21, 35.5], "uv_size": [0.75, -0.5]}
							}
						},
						{
							"origin": [4.57198, 4.3505, -13.99546],
							"size": [0.71043, 0.06458, 0.38751],
							"pivot": [5.0979, 4.25198, -13.80171],
							"rotation": [0, 0, 17],
							"uv": {
								"north": {"uv": [37, 3], "uv_size": [0.75, 0.25]},
								"east": {"uv": [38, 22], "uv_size": [0.5, 0.25]},
								"south": {"uv": [37, 4], "uv_size": [0.75, 0.25]},
								"west": {"uv": [23, 38], "uv_size": [0.5, 0.25]},
								"up": {"uv": [35, 21], "uv_size": [0.75, 0.5]},
								"down": {"uv": [22, 35.5], "uv_size": [0.75, -0.5]}
							}
						},
						{
							"origin": [4.57198, 5.90052, -13.99546],
							"size": [0.71043, 0.06458, 0.38751],
							"pivot": [5.0979, 5.80201, -13.80171],
							"rotation": [0, 0, 17],
							"uv": {
								"north": {"uv": [37, 5], "uv_size": [0.75, 0.25]},
								"east": {"uv": [38, 23], "uv_size": [0.5, 0.25]},
								"south": {"uv": [37, 6], "uv_size": [0.75, 0.25]},
								"west": {"uv": [24, 38], "uv_size": [0.5, 0.25]},
								"up": {"uv": [35, 22], "uv_size": [0.75, 0.5]},
								"down": {"uv": [23, 35.5], "uv_size": [0.75, -0.5]}
							}
						},
						{
							"origin": [4.57198, 5.64219, -13.99546],
							"size": [0.71043, 0.06458, 0.38751],
							"pivot": [5.0979, 5.54367, -13.80171],
							"rotation": [0, 0, 17],
							"uv": {
								"north": {"uv": [37, 7], "uv_size": [0.75, 0.25]},
								"east": {"uv": [38, 24], "uv_size": [0.5, 0.25]},
								"south": {"uv": [37, 8], "uv_size": [0.75, 0.25]},
								"west": {"uv": [25, 38], "uv_size": [0.5, 0.25]},
								"up": {"uv": [35, 23], "uv_size": [0.75, 0.5]},
								"down": {"uv": [24, 35.5], "uv_size": [0.75, -0.5]}
							}
						},
						{
							"origin": [4.57198, 5.38385, -13.99546],
							"size": [0.71043, 0.06458, 0.38751],
							"pivot": [5.0979, 5.28533, -13.80171],
							"rotation": [0, 0, 17],
							"uv": {
								"north": {"uv": [37, 9], "uv_size": [0.75, 0.25]},
								"east": {"uv": [38, 25], "uv_size": [0.5, 0.25]},
								"south": {"uv": [37, 10], "uv_size": [0.75, 0.25]},
								"west": {"uv": [38, 26], "uv_size": [0.5, 0.25]},
								"up": {"uv": [35, 24], "uv_size": [0.75, 0.5]},
								"down": {"uv": [25, 35.5], "uv_size": [0.75, -0.5]}
							}
						},
						{
							"origin": [4.57198, 5.12551, -13.99546],
							"size": [0.71043, 0.06458, 0.38751],
							"pivot": [5.0979, 5.027, -13.80171],
							"rotation": [0, 0, 17],
							"uv": {
								"north": {"uv": [37, 11], "uv_size": [0.75, 0.25]},
								"east": {"uv": [38, 27], "uv_size": [0.5, 0.25]},
								"south": {"uv": [37, 12], "uv_size": [0.75, 0.25]},
								"west": {"uv": [38, 28], "uv_size": [0.5, 0.25]},
								"up": {"uv": [35, 25], "uv_size": [0.75, 0.5]},
								"down": {"uv": [35, 26.5], "uv_size": [0.75, -0.5]}
							}
						},
						{
							"origin": [4.67431, 4.1493, -13.99546],
							"size": [0.71043, 0.06458, 0.38751],
							"pivot": [5.0979, 3.9777, -13.80171],
							"rotation": [0, 0, -17],
							"uv": {
								"north": {"uv": [37, 13], "uv_size": [0.75, 0.25]},
								"east": {"uv": [38, 29], "uv_size": [0.5, 0.25]},
								"south": {"uv": [14, 37], "uv_size": [0.75, 0.25]},
								"west": {"uv": [38, 30], "uv_size": [0.5, 0.25]},
								"up": {"uv": [35, 27], "uv_size": [0.75, 0.5]},
								"down": {"uv": [35, 28.5], "uv_size": [0.75, -0.5]}
							}
						},
						{
							"origin": [4.67431, 4.40764, -13.99546],
							"size": [0.71043, 0.06458, 0.38751],
							"pivot": [5.0979, 4.23603, -13.80171],
							"rotation": [0, 0, -17],
							"uv": {
								"north": {"uv": [37, 14], "uv_size": [0.75, 0.25]},
								"east": {"uv": [38, 31], "uv_size": [0.5, 0.25]},
								"south": {"uv": [15, 37], "uv_size": [0.75, 0.25]},
								"west": {"uv": [38, 32], "uv_size": [0.5, 0.25]},
								"up": {"uv": [35, 29], "uv_size": [0.75, 0.5]},
								"down": {"uv": [35, 30.5], "uv_size": [0.75, -0.5]}
							}
						},
						{
							"origin": [4.67431, 4.66598, -13.99546],
							"size": [0.71043, 0.06458, 0.38751],
							"pivot": [5.0979, 4.49437, -13.80171],
							"rotation": [0, 0, -17],
							"uv": {
								"north": {"uv": [37, 15], "uv_size": [0.75, 0.25]},
								"east": {"uv": [33, 38], "uv_size": [0.5, 0.25]},
								"south": {"uv": [16, 37], "uv_size": [0.75, 0.25]},
								"west": {"uv": [38, 33], "uv_size": [0.5, 0.25]},
								"up": {"uv": [35, 31], "uv_size": [0.75, 0.5]},
								"down": {"uv": [35, 32.5], "uv_size": [0.75, -0.5]}
							}
						},
						{
							"origin": [4.67431, 4.92432, -13.99546],
							"size": [0.71043, 0.06458, 0.38751],
							"pivot": [5.0979, 4.75271, -13.80171],
							"rotation": [0, 0, -17],
							"uv": {
								"north": {"uv": [37, 16], "uv_size": [0.75, 0.25]},
								"east": {"uv": [34, 38], "uv_size": [0.5, 0.25]},
								"south": {"uv": [17, 37], "uv_size": [0.75, 0.25]},
								"west": {"uv": [38, 34], "uv_size": [0.5, 0.25]},
								"up": {"uv": [35, 33], "uv_size": [0.75, 0.5]},
								"down": {"uv": [35, 34.5], "uv_size": [0.75, -0.5]}
							}
						},
						{
							"origin": [4.67431, 5.18265, -13.99546],
							"size": [0.71043, 0.06458, 0.38751],
							"pivot": [5.0979, 5.01105, -13.80171],
							"rotation": [0, 0, -17],
							"uv": {
								"north": {"uv": [37, 17], "uv_size": [0.75, 0.25]},
								"east": {"uv": [35, 38], "uv_size": [0.5, 0.25]},
								"south": {"uv": [18, 37], "uv_size": [0.75, 0.25]},
								"west": {"uv": [38, 35], "uv_size": [0.5, 0.25]},
								"up": {"uv": [35, 35], "uv_size": [0.75, 0.5]},
								"down": {"uv": [36, 0.5], "uv_size": [0.75, -0.5]}
							}
						},
						{
							"origin": [4.67431, 5.44099, -13.99546],
							"size": [0.71043, 0.06458, 0.38751],
							"pivot": [5.0979, 5.26938, -13.80171],
							"rotation": [0, 0, -17],
							"uv": {
								"north": {"uv": [19, 37], "uv_size": [0.75, 0.25]},
								"east": {"uv": [36, 38], "uv_size": [0.5, 0.25]},
								"south": {"uv": [37, 19], "uv_size": [0.75, 0.25]},
								"west": {"uv": [38, 36], "uv_size": [0.5, 0.25]},
								"up": {"uv": [36, 1], "uv_size": [0.75, 0.5]},
								"down": {"uv": [36, 2.5], "uv_size": [0.75, -0.5]}
							}
						},
						{
							"origin": [4.67431, 5.69933, -13.99546],
							"size": [0.71043, 0.06458, 0.38751],
							"pivot": [5.0979, 5.52772, -13.80171],
							"rotation": [0, 0, -17],
							"uv": {
								"north": {"uv": [20, 37], "uv_size": [0.75, 0.25]},
								"east": {"uv": [37, 38], "uv_size": [0.5, 0.25]},
								"south": {"uv": [37, 20], "uv_size": [0.75, 0.25]},
								"west": {"uv": [38, 37], "uv_size": [0.5, 0.25]},
								"up": {"uv": [36, 3], "uv_size": [0.75, 0.5]},
								"down": {"uv": [36, 4.5], "uv_size": [0.75, -0.5]}
							}
						},
						{
							"origin": [4.67431, 5.95767, -13.99546],
							"size": [0.71043, 0.06458, 0.38751],
							"pivot": [5.0979, 5.78606, -13.80171],
							"rotation": [0, 0, -17],
							"uv": {
								"north": {"uv": [21, 37], "uv_size": [0.75, 0.25]},
								"east": {"uv": [38, 38], "uv_size": [0.5, 0.25]},
								"south": {"uv": [37, 21], "uv_size": [0.75, 0.25]},
								"west": {"uv": [0, 39], "uv_size": [0.5, 0.25]},
								"up": {"uv": [36, 5], "uv_size": [0.75, 0.5]},
								"down": {"uv": [36, 6.5], "uv_size": [0.75, -0.5]}
							}
						},
						{
							"origin": [4.67431, 6.216, -13.99546],
							"size": [0.71043, 0.06458, 0.38751],
							"pivot": [5.0979, 6.0444, -13.80171],
							"rotation": [0, 0, -17],
							"uv": {
								"north": {"uv": [22, 37], "uv_size": [0.75, 0.25]},
								"east": {"uv": [39, 0], "uv_size": [0.5, 0.25]},
								"south": {"uv": [37, 22], "uv_size": [0.75, 0.25]},
								"west": {"uv": [1, 39], "uv_size": [0.5, 0.25]},
								"up": {"uv": [36, 7], "uv_size": [0.75, 0.5]},
								"down": {"uv": [36, 8.5], "uv_size": [0.75, -0.5]}
							}
						},
						{
							"origin": [4.67431, 6.47434, -13.99546],
							"size": [0.71043, 0.06458, 0.38751],
							"pivot": [5.0979, 6.30273, -13.80171],
							"rotation": [0, 0, -17],
							"uv": {
								"north": {"uv": [23, 37], "uv_size": [0.75, 0.25]},
								"east": {"uv": [39, 1], "uv_size": [0.5, 0.25]},
								"south": {"uv": [37, 23], "uv_size": [0.75, 0.25]},
								"west": {"uv": [2, 39], "uv_size": [0.5, 0.25]},
								"up": {"uv": [36, 9], "uv_size": [0.75, 0.5]},
								"down": {"uv": [36, 10.5], "uv_size": [0.75, -0.5]}
							}
						},
						{
							"origin": [4.67431, 6.73268, -13.99546],
							"size": [0.71043, 0.06458, 0.38751],
							"pivot": [5.0979, 6.56107, -13.80171],
							"rotation": [0, 0, -17],
							"uv": {
								"north": {"uv": [24, 37], "uv_size": [0.75, 0.25]},
								"east": {"uv": [39, 2], "uv_size": [0.5, 0.25]},
								"south": {"uv": [37, 24], "uv_size": [0.75, 0.25]},
								"west": {"uv": [3, 39], "uv_size": [0.5, 0.25]},
								"up": {"uv": [36, 11], "uv_size": [0.75, 0.5]},
								"down": {"uv": [36, 12.5], "uv_size": [0.75, -0.5]}
							}
						},
						{
							"origin": [4.67431, 6.99102, -13.99546],
							"size": [0.71043, 0.06458, 0.38751],
							"pivot": [5.0979, 6.81941, -13.80171],
							"rotation": [0, 0, -17],
							"uv": {
								"north": {"uv": [25, 37], "uv_size": [0.75, 0.25]},
								"east": {"uv": [39, 3], "uv_size": [0.5, 0.25]},
								"south": {"uv": [37, 25], "uv_size": [0.75, 0.25]},
								"west": {"uv": [4, 39], "uv_size": [0.5, 0.25]},
								"up": {"uv": [36, 13], "uv_size": [0.75, 0.5]},
								"down": {"uv": [14, 36.5], "uv_size": [0.75, -0.5]}
							}
						},
						{
							"origin": [4.67431, 7.24935, -13.99546],
							"size": [0.71043, 0.06458, 0.38751],
							"pivot": [5.0979, 7.07775, -13.80171],
							"rotation": [0, 0, -17],
							"uv": {
								"north": {"uv": [37, 26], "uv_size": [0.75, 0.25]},
								"east": {"uv": [39, 4], "uv_size": [0.5, 0.25]},
								"south": {"uv": [37, 27], "uv_size": [0.75, 0.25]},
								"west": {"uv": [5, 39], "uv_size": [0.5, 0.25]},
								"up": {"uv": [36, 14], "uv_size": [0.75, 0.5]},
								"down": {"uv": [15, 36.5], "uv_size": [0.75, -0.5]}
							}
						},
						{
							"origin": [4.67431, 7.50769, -13.99546],
							"size": [0.71043, 0.06458, 0.38751],
							"pivot": [5.0979, 7.33608, -13.80171],
							"rotation": [0, 0, -17],
							"uv": {
								"north": {"uv": [37, 28], "uv_size": [0.75, 0.25]},
								"east": {"uv": [39, 5], "uv_size": [0.5, 0.25]},
								"south": {"uv": [37, 29], "uv_size": [0.75, 0.25]},
								"west": {"uv": [39, 6], "uv_size": [0.5, 0.25]},
								"up": {"uv": [36, 15], "uv_size": [0.75, 0.5]},
								"down": {"uv": [16, 36.5], "uv_size": [0.75, -0.5]}
							}
						},
						{
							"origin": [4.61769, 7.6885, -13.99546],
							"size": [0.71043, 0.45209, 0.38751],
							"uv": {
								"north": {"uv": [36, 16], "uv_size": [0.75, 0.5]},
								"east": {"uv": [36, 19], "uv_size": [0.5, 0.5]},
								"south": {"uv": [17, 36], "uv_size": [0.75, 0.5]},
								"west": {"uv": [36, 20], "uv_size": [0.5, 0.5]},
								"up": {"uv": [36, 17], "uv_size": [0.75, 0.5]},
								"down": {"uv": [18, 36.5], "uv_size": [0.75, -0.5]}
							}
						},
						{
							"origin": [4.5531, 7.62391, -14.06005],
							"size": [0.32292, 0.45209, 0.51668],
							"uv": {
								"north": {"uv": [39, 7], "uv_size": [0.25, 0.5]},
								"east": {"uv": [21, 36], "uv_size": [0.5, 0.5]},
								"south": {"uv": [39, 8], "uv_size": [0.25, 0.5]},
								"west": {"uv": [36, 21], "uv_size": [0.5, 0.5]},
								"up": {"uv": [39, 9], "uv_size": [0.25, 0.5]},
								"down": {"uv": [39, 10.5], "uv_size": [0.25, -0.5]}
							}
						},
						{
							"origin": [5.06978, 7.62391, -14.06005],
							"size": [0.32292, 0.45209, 0.51668],
							"uv": {
								"north": {"uv": [39, 11], "uv_size": [0.25, 0.5]},
								"east": {"uv": [22, 36], "uv_size": [0.5, 0.5]},
								"south": {"uv": [39, 12], "uv_size": [0.25, 0.5]},
								"west": {"uv": [36, 22], "uv_size": [0.5, 0.5]},
								"up": {"uv": [39, 13], "uv_size": [0.25, 0.5]},
								"down": {"uv": [14, 39.5], "uv_size": [0.25, -0.5]}
							}
						},
						{
							"origin": [4.5531, 3.49051, -13.41421],
							"size": [0.8396, 0.12917, 0.12917],
							"uv": {
								"north": {"uv": [37, 30], "uv_size": [0.75, 0.25]},
								"east": {"uv": [39, 27], "uv_size": [0.25, 0.25]},
								"south": {"uv": [37, 31], "uv_size": [0.75, 0.25]},
								"west": {"uv": [39, 28], "uv_size": [0.25, 0.25]},
								"up": {"uv": [37, 32], "uv_size": [0.75, 0.25]},
								"down": {"uv": [33, 37.25], "uv_size": [0.75, -0.25]}
							}
						},
						{
							"origin": [4.26679, 3.49051, -13.48173],
							"size": [0.19375, 0.12917, 0.12917],
							"pivot": [4.48435, 3.38009, -13.50554],
							"rotation": [0, -45, 0],
							"uv": {
								"north": {"uv": [39, 29], "uv_size": [0.25, 0.25]},
								"east": {"uv": [39, 30], "uv_size": [0.25, 0.25]},
								"south": {"uv": [39, 31], "uv_size": [0.25, 0.25]},
								"west": {"uv": [39, 32], "uv_size": [0.25, 0.25]},
								"up": {"uv": [33, 39], "uv_size": [0.25, 0.25]},
								"down": {"uv": [39, 33.25], "uv_size": [0.25, -0.25]}
							}
						},
						{
							"origin": [4.46054, 3.49051, -13.35256],
							"size": [0.19375, 0.12917, 0.12917],
							"pivot": [4.6781, 3.38009, -13.37637],
							"rotation": [0, -45, 0],
							"uv": {
								"north": {"uv": [34, 39], "uv_size": [0.25, 0.25]},
								"east": {"uv": [39, 34], "uv_size": [0.25, 0.25]},
								"south": {"uv": [35, 39], "uv_size": [0.25, 0.25]},
								"west": {"uv": [39, 35], "uv_size": [0.25, 0.25]},
								"up": {"uv": [36, 39], "uv_size": [0.25, 0.25]},
								"down": {"uv": [39, 36.25], "uv_size": [0.25, -0.25]}
							}
						},
						{
							"origin": [5.36473, 3.49051, -13.52934],
							"size": [0.19375, 0.12917, 0.12917],
							"pivot": [5.5177, 3.38009, -13.37637],
							"rotation": [0, 45, 0],
							"uv": {
								"north": {"uv": [37, 39], "uv_size": [0.25, 0.25]},
								"east": {"uv": [39, 37], "uv_size": [0.25, 0.25]},
								"south": {"uv": [38, 39], "uv_size": [0.25, 0.25]},
								"west": {"uv": [39, 38], "uv_size": [0.25, 0.25]},
								"up": {"uv": [39, 39], "uv_size": [0.25, 0.25]},
								"down": {"uv": [0, 40.25], "uv_size": [0.25, -0.25]}
							}
						},
						{
							"origin": [5.55848, 3.49051, -13.65851],
							"size": [0.19375, 0.12917, 0.12917],
							"pivot": [5.71145, 3.38009, -13.50554],
							"rotation": [0, 45, 0],
							"uv": {
								"north": {"uv": [40, 0], "uv_size": [0.25, 0.25]},
								"east": {"uv": [1, 40], "uv_size": [0.25, 0.25]},
								"south": {"uv": [40, 1], "uv_size": [0.25, 0.25]},
								"west": {"uv": [2, 40], "uv_size": [0.25, 0.25]},
								"up": {"uv": [40, 2], "uv_size": [0.25, 0.25]},
								"down": {"uv": [3, 40.25], "uv_size": [0.25, -0.25]}
							}
						},
						{
							"origin": [4.46054, 3.49051, -14.38003],
							"size": [0.19375, 0.12917, 0.12917],
							"pivot": [4.6781, 3.38009, -14.22706],
							"rotation": [0, 45, 0],
							"uv": {
								"north": {"uv": [40, 3], "uv_size": [0.25, 0.25]},
								"east": {"uv": [4, 40], "uv_size": [0.25, 0.25]},
								"south": {"uv": [40, 4], "uv_size": [0.25, 0.25]},
								"west": {"uv": [5, 40], "uv_size": [0.25, 0.25]},
								"up": {"uv": [40, 5], "uv_size": [0.25, 0.25]},
								"down": {"uv": [40, 6.25], "uv_size": [0.25, -0.25]}
							}
						},
						{
							"origin": [4.26679, 3.49051, -14.25086],
							"size": [0.19375, 0.12917, 0.12917],
							"pivot": [4.48435, 3.38009, -14.09789],
							"rotation": [0, 45, 0],
							"uv": {
								"north": {"uv": [40, 7], "uv_size": [0.25, 0.25]},
								"east": {"uv": [40, 8], "uv_size": [0.25, 0.25]},
								"south": {"uv": [40, 9], "uv_size": [0.25, 0.25]},
								"west": {"uv": [40, 10], "uv_size": [0.25, 0.25]},
								"up": {"uv": [40, 11], "uv_size": [0.25, 0.25]},
								"down": {"uv": [40, 12.25], "uv_size": [0.25, -0.25]}
							}
						},
						{
							"origin": [5.36473, 3.49051, -14.20325],
							"size": [0.19375, 0.12917, 0.12917],
							"pivot": [5.5177, 3.38009, -14.22706],
							"rotation": [0, -45, 0],
							"uv": {
								"north": {"uv": [40, 13], "uv_size": [0.25, 0.25]},
								"east": {"uv": [14, 40], "uv_size": [0.25, 0.25]},
								"south": {"uv": [40, 14], "uv_size": [0.25, 0.25]},
								"west": {"uv": [15, 40], "uv_size": [0.25, 0.25]},
								"up": {"uv": [40, 15], "uv_size": [0.25, 0.25]},
								"down": {"uv": [16, 40.25], "uv_size": [0.25, -0.25]}
							}
						},
						{
							"origin": [5.55848, 3.49051, -14.07408],
							"size": [0.19375, 0.12917, 0.12917],
							"pivot": [5.71145, 3.38009, -14.09789],
							"rotation": [0, -45, 0],
							"uv": {
								"north": {"uv": [40, 16], "uv_size": [0.25, 0.25]},
								"east": {"uv": [17, 40], "uv_size": [0.25, 0.25]},
								"south": {"uv": [40, 17], "uv_size": [0.25, 0.25]},
								"west": {"uv": [18, 40], "uv_size": [0.25, 0.25]},
								"up": {"uv": [40, 18], "uv_size": [0.25, 0.25]},
								"down": {"uv": [19, 40.25], "uv_size": [0.25, -0.25]}
							}
						},
						{
							"origin": [4.5531, 3.49051, -14.31839],
							"size": [0.8396, 0.12917, 0.12917],
							"uv": {
								"north": {"uv": [37, 33], "uv_size": [0.75, 0.25]},
								"east": {"uv": [40, 19], "uv_size": [0.25, 0.25]},
								"south": {"uv": [37, 34], "uv_size": [0.75, 0.25]},
								"west": {"uv": [20, 40], "uv_size": [0.25, 0.25]},
								"up": {"uv": [35, 37], "uv_size": [0.75, 0.25]},
								"down": {"uv": [37, 35.25], "uv_size": [0.75, -0.25]}
							}
						}
					]
				},
				{
					"name": "bone11_illuminated",
					"parent": "katana",
					"pivot": [6.76396, -0.38797, -13.83402],
					"cubes": [
						{
							"origin": [4.99686, 3.26968, -13.8431],
							"size": [0.12917, 11.43144, 0.01292],
							"pivot": [4.93644, 3.25093, -13.81199],
							"rotation": [0, 0, -180],
							"uv": {
								"north": {"uv": [26, 29], "uv_size": [0.25, 11.5]},
								"east": {"uv": [31, 22], "uv_size": [0.25, 11.5]},
								"south": {"uv": [32, 22], "uv_size": [0.25, 11.5]},
								"west": {"uv": [33, 0], "uv_size": [0.25, 11.5]},
								"up": {"uv": [40, 20], "uv_size": [0.25, 0.25]},
								"down": {"uv": [21, 40.25], "uv_size": [0.25, -0.25]}
							}
						},
						{
							"origin": [4.74686, 3.23217, -13.8663],
							"size": [0.45209, 0.25834, 0.06458],
							"uv": {
								"north": {"uv": [39, 14], "uv_size": [0.5, 0.25]},
								"east": {"uv": [40, 21], "uv_size": [0.25, 0.25]},
								"south": {"uv": [15, 39], "uv_size": [0.5, 0.25]},
								"west": {"uv": [22, 40], "uv_size": [0.25, 0.25]},
								"up": {"uv": [39, 15], "uv_size": [0.5, 0.25]},
								"down": {"uv": [16, 39.25], "uv_size": [0.5, -0.25]}
							}
						},
						{
							"origin": [4.8031, 3.26968, -13.8431],
							"size": [0.19375, 11.43144, 0.01292],
							"pivot": [4.93644, 3.25093, -13.81199],
							"rotation": [0, 0, -180],
							"uv": {
								"north": {"uv": [6, 33], "uv_size": [0.25, 11.5]},
								"east": {"uv": [7, 33], "uv_size": [0.25, 11.5]},
								"south": {"uv": [8, 33], "uv_size": [0.25, 11.5]},
								"west": {"uv": [9, 33], "uv_size": [0.25, 11.5]},
								"up": {"uv": [40, 22], "uv_size": [0.25, 0.25]},
								"down": {"uv": [23, 40.25], "uv_size": [0.25, -0.25]}
							}
						},
						{
							"origin": [4.94061, -0.96581, -13.8663],
							"size": [0.12917, 0.58126, 0.06458],
							"uv": {
								"north": {"uv": [39, 16], "uv_size": [0.25, 0.5]},
								"east": {"uv": [17, 39], "uv_size": [0.25, 0.5]},
								"south": {"uv": [39, 17], "uv_size": [0.25, 0.5]},
								"west": {"uv": [18, 39], "uv_size": [0.25, 0.5]},
								"up": {"uv": [40, 23], "uv_size": [0.25, 0.25]},
								"down": {"uv": [24, 40.25], "uv_size": [0.25, -0.25]}
							}
						},
						{
							"origin": [4.94061, -8.07009, -13.8663],
							"size": [0.12917, 0.58126, 0.06458],
							"uv": {
								"north": {"uv": [39, 18], "uv_size": [0.25, 0.5]},
								"east": {"uv": [19, 39], "uv_size": [0.25, 0.5]},
								"south": {"uv": [39, 19], "uv_size": [0.25, 0.5]},
								"west": {"uv": [20, 39], "uv_size": [0.25, 0.5]},
								"up": {"uv": [40, 24], "uv_size": [0.25, 0.25]},
								"down": {"uv": [25, 40.25], "uv_size": [0.25, -0.25]}
							}
						},
						{
							"origin": [5.06978, -8.19926, -13.8663],
							"size": [0.12917, 11.43144, 0.06458],
							"uv": {
								"north": {"uv": [10, 33], "uv_size": [0.25, 11.5]},
								"east": {"uv": [11, 33], "uv_size": [0.25, 11.5]},
								"south": {"uv": [12, 33], "uv_size": [0.25, 11.5]},
								"west": {"uv": [13, 33], "uv_size": [0.25, 11.5]},
								"up": {"uv": [40, 25], "uv_size": [0.25, 0.25]},
								"down": {"uv": [40, 26.25], "uv_size": [0.25, -0.25]}
							}
						},
						{
							"origin": [4.74686, 2.97384, -13.8663],
							"size": [0.42709, 0.12917, 0.06458],
							"uv": {
								"north": {"uv": [39, 20], "uv_size": [0.5, 0.25]},
								"east": {"uv": [27, 40], "uv_size": [0.25, 0.25]},
								"south": {"uv": [21, 39], "uv_size": [0.5, 0.25]},
								"west": {"uv": [40, 27], "uv_size": [0.25, 0.25]},
								"up": {"uv": [39, 21], "uv_size": [0.5, 0.25]},
								"down": {"uv": [22, 39.25], "uv_size": [0.5, -0.25]}
							}
						},
						{
							"origin": [5.07679, -15.0115, -13.8431],
							"size": [0.12917, 5.29592, 0.01292],
							"pivot": [5.021, -11.60407, -13.84045],
							"rotation": [0, 0, 178.5],
							"uv": {
								"north": {"uv": [29, 34], "uv_size": [0.25, 5.25]},
								"east": {"uv": [30, 34], "uv_size": [0.25, 5.25]},
								"south": {"uv": [31, 34], "uv_size": [0.25, 5.25]},
								"west": {"uv": [32, 34], "uv_size": [0.25, 5.25]},
								"up": {"uv": [28, 40], "uv_size": [0.25, 0.25]},
								"down": {"uv": [40, 28.25], "uv_size": [0.25, -0.25]}
							}
						},
						{
							"origin": [4.31321, -9.59755, -13.83018],
							"size": [0.12917, 0.73614, 0.01292],
							"pivot": [4.32019, -11.58622, -13.82753],
							"rotation": [0, 0, 160],
							"uv": {
								"north": {"uv": [36, 37], "uv_size": [0.25, 0.75]},
								"east": {"uv": [37, 36], "uv_size": [0.25, 0.75]},
								"south": {"uv": [37, 37], "uv_size": [0.25, 0.75]},
								"west": {"uv": [38, 0], "uv_size": [0.25, 0.75]},
								"up": {"uv": [29, 40], "uv_size": [0.25, 0.25]},
								"down": {"uv": [40, 29.25], "uv_size": [0.25, -0.25]}
							}
						},
						{
							"origin": [5.27105, -19.98448, -13.8431],
							"size": [0.19375, 5.56198, 0.01292],
							"pivot": [5.24755, -14.09055, -13.83665],
							"rotation": [0, 0, 178.5],
							"uv": {
								"north": {"uv": [34, 22], "uv_size": [0.25, 5.5]},
								"east": {"uv": [27, 34], "uv_size": [0.25, 5.5]},
								"south": {"uv": [28, 34], "uv_size": [0.25, 5.5]},
								"west": {"uv": [34, 28], "uv_size": [0.25, 5.5]},
								"up": {"uv": [30, 40], "uv_size": [0.25, 0.25]},
								"down": {"uv": [40, 30.25], "uv_size": [0.25, -0.25]}
							}
						},
						{
							"origin": [5.04821, -14.14061, -13.8663],
							"size": [0.12917, 5.94176, 0.06458],
							"pivot": [5.23626, -5.72697, -13.834],
							"rotation": [0, 0, -0.5],
							"uv": {
								"north": {"uv": [33, 30], "uv_size": [0.25, 6]},
								"east": {"uv": [34, 0], "uv_size": [0.25, 6]},
								"south": {"uv": [34, 6], "uv_size": [0.25, 6]},
								"west": {"uv": [34, 16], "uv_size": [0.25, 6]},
								"up": {"uv": [31, 40], "uv_size": [0.25, 0.25]},
								"down": {"uv": [40, 31.25], "uv_size": [0.25, -0.25]}
							}
						}
					]
				}
			]
		}
	]
}